{
  "N": 80000000,
  "yin_count": 40003566,
  "yin_density": 0.500044575,
  "weibull_fit": {
    "shape": 0.2701493284550488,
    "loc": 0.5000445750011143,
    "scale": 0.4368744549658914,
    "ks": 0.49822876180252557,
    "p": 0.0
  },
  "condensate_boundary": {
    "60M_shape": 0.062,
    "70M_shape": 0.062,
    "80M_shape": 0.2701493284550488,
    "100M_shape": 0.246,
    "regime": "退火完成",
    "boundary": "凝聚态持续到70M"
  }
}