{
  "N": 70000000,
  "yin_count": 35003299,
  "yin_density": 0.5000471285714285,
  "weibull_fit": {
    "shape": 0.061995486371998476,
    "loc": 0.500047128572775,
    "scale": 0.5992551766510003,
    "ks": 0.39732315655503986,
    "p": 0.0
  },
  "relaxation_analysis": {
    "60M_shape": 0.062,
    "70M_shape": 0.061995486371998476,
    "100M_shape": 0.246,
    "relaxation_regime": "凝聚持续",
    "relaxation_rate": -4.51362800152344e-07
  }
}