{
  "N": 75000000,
  "timestamp": "2026-02-12",
  "yin_count": 37504878,
  "yin_density": 0.50006504,
  "max_gap": 29,
  "weibull_fit": {
    "shape": 0.06158431313273567,
    "loc": 0.5000650400017344,
    "scale": 0.6422411288086343,
    "ks": 0.3993763586601442,
    "p": 0.0
  },
  "annealing_point": {
    "70M": 0.062,
    "75M": 0.06158431313273567,
    "80M": 0.2701,
    "conclusion": "退火发生在75-80M"
  }
}