{
  "mission": "100M弛豫震荡重制验证",
  "N": 100000000,
  "yin_count": 50001942,
  "yin_density": 0.50001942,
  "max_gap": 29,
  "mean_gap": 1.999922243018526,
  "weibull_fit": {
    "shape": 0.23834068874126496,
    "loc": 0.5000194400011663,
    "scale": 0.5872036345065719,
    "ks": 0.4996711700305294,
    "p": 0.0
  },
  "historical_anchor": {
    "expected_shape": 0.246,
    "deviation": -0.007659311258735035,
    "within_tolerance": true
  },
  "verification": {
    "status": "verified",
    "timestamp": "2026-02-12"
  }
}