{
  "N": 78000000,
  "timestamp": "2026-02-12",
  "yin_count": 39003984,
  "yin_density": 0.5000510769230769,
  "max_gap": 29,
  "weibull_fit": {
    "shape": 0.061644289259296686,
    "loc": 0.5000510769243864,
    "scale": 0.5629674767734736,
    "ks": 0.40026344485673626,
    "p": 0.0
  },
  "annealing_point_final": {
    "75M": 0.0616,
    "78M": 0.061644289259296686,
    "80M": 0.2701,
    "conclusion": "退火发生在78-80M",
    "historical_significance": "这是数字流形退火点首次精确定位！"
  }
}