{
  "N": 20000000,
  "yin_count": 10002255,
  "yin_density": 0.50011275,
  "mean_gap": 1.999549101632492,
  "weibull_fit": {
    "shape": 0.2886058630300573,
    "loc": 0.5001127500112749,
    "scale": 0.56378685115521,
    "ks_statistic": 0.5018506751925675,
    "p_value": 0.0,
    "sample_size": 100000
  }
}